11432121,Michell Haney,Lorem ipsum dolor sit amet consectetur adipiscing elit sed do eiusmod tempor incididunt ut labore et dolore magna aliqua. Ut enim ad minim veniam quis nostrud exercitation ullamco laboris nisi ut aliquip ex ea commodo consequat. Duis aute irure dolor in reprehenderit in voluptate velit esse cillum dolore eu fugiat nulla pariatur. Excepteur sint occaecat cupidatat non proident sunt in culpa qui officia deserunt mollit anim id est laborum.,11432122
11432113,Kory Born,Quis commodo odio aenean sed adipiscing diam donec adipiscing. Scelerisque purus semper eget duis at tellus at. Cras pulvinar mattis nunc sed blandit libero volutpat sed. Dictumst vestibulum rhoncus est pellentesque elit ullamcorper dignissim cras tincidunt. Sapien pellentesque habitant morbi tristique senectus et. Mauris in aliquam sem fringilla. Amet mauris commodo quis imperdiet massa tincidunt. Accumsan sit amet nulla facilisi morbi tempus. Pellentesque habitant morbi tristique senectus et.,11432114
11432116,Shakira Krach,Convallis a cras semper auctor neque vitae tempus. Purus in massa tempor nec feugiat nisl pretium fusce id. Nibh venenatis cras sed felis eget velit aliquet sagittis id. Ut sem viverra aliquet eget sit amet tellus. Aliquam eleifend mi in nulla posuere sollicitudin aliquam ultrices. Et magnis dis parturient montes. Fusce ut placerat orci nulla pellentesque dignissim enim sit. Iaculis nunc sed augue lacus viverra vitae. Enim eu turpis egestas pretium aenean pharetra magna.,11432117
11432115,Rachel Forbis,Vulputate enim nulla aliquet porttitor lacus luctus accumsan tortor. Ultrices neque ornare aenean euismod elementum nisi. In massa tempor nec feugiat nisl pretium fusce id velit. Nunc aliquet bibendum enim facilisis gravida. Diam quis enim lobortis scelerisque fermentum dui faucibus. Et ligula ullamcorper malesuada proin libero nunc consequat. Eleifend donec pretium vulputate sapien. Etiam dignissim diam quis enim lobortis scelerisque fermentum.,11432116
11432114,Tammy Wiseley,Eu turpis egestas pretium aenean pharetra magna ac. Risus nec feugiat in fermentum posuere urna. Bibendum enim facilisis gravida neque convallis. Libero justo laoreet sit amet cursus. Lacus vel facilisis volutpat est velit. Mattis pellentesque id nibh tortor id aliquet lectus proin. Non enim praesent elementum facilisis leo vel fringilla est ullamcorper. Pellentesque habitant morbi tristique senectus et. Purus sit amet luctus venenatis lectus magna. Convallis convallis tellus id interdum.,11432115
11432117,Karyl Akerley,Lorem ipsum dolor sit amet consectetur adipiscing elit sed do eiusmod tempor incididunt ut labore et dolore magna aliqua. Ut morbi tincidunt augue interdum. Ut tellus elementum sagittis vitae. Cursus mattis molestie a iaculis at erat pellentesque. Cursus eget nunc scelerisque viverra. Eu turpis egestas pretium aenean pharetra magna ac. Risus nec feugiat in fermentum posuere urna. Bibendum enim facilisis gravida neque convallis.,11432118
11432119,Astrid Bence,Eu turpis egestas pretium aenean pharetra magna ac. Risus nec feugiat in fermentum posuere urna. Bibendum enim facilisis gravida neque convallis. Libero justo laoreet sit amet cursus. Lacus vel facilisis volutpat est velit. Mattis pellentesque id nibh tortor id aliquet lectus proin. Non enim praesent elementum facilisis leo vel fringilla est ullamcorper. Pellentesque habitant morbi tristique senectus et. Purus sit amet luctus venenatis lectus magna. Convallis convallis tellus id interdum.,11432120
11432120,Kasi Sydnor,Vulputate enim nulla aliquet porttitor lacus luctus accumsan tortor. Ultrices neque ornare aenean euismod elementum nisi. In massa tempor nec feugiat nisl pretium fusce id velit. Nunc aliquet bibendum enim facilisis gravida. Diam quis enim lobortis scelerisque fermentum dui faucibus. Et ligula ullamcorper malesuada proin libero nunc consequat. Eleifend donec pretium vulputate sapien. Etiam dignissim diam quis enim lobortis scelerisque fermentum.,11432121
11432123,Franklin Phu,Lorem ipsum dolor sit amet consectetur adipiscing elit sed do eiusmod tempor incididunt ut labore et dolore magna aliqua. Ut morbi tincidunt augue interdum. Ut tellus elementum sagittis vitae. Cursus mattis molestie a iaculis at erat pellentesque. Cursus eget nunc scelerisque viverra. Eu turpis egestas pretium aenean pharetra magna ac. Risus nec feugiat in fermentum posuere urna. Bibendum enim facilisis gravida neque convallis.,11432124
11432112,Florinda Torrens,Lorem ipsum dolor sit amet consectetur adipiscing elit sed do eiusmod tempor incididunt ut labore et dolore magna aliqua. Ut morbi tincidunt augue interdum. Ut tellus elementum sagittis vitae. Cursus mattis molestie a iaculis at erat pellentesque. Cursus eget nunc scelerisque viverra. Eu turpis egestas pretium aenean pharetra magna ac. Risus nec feugiat in fermentum posuere urna. Bibendum enim facilisis gravida neque convallis.,11432200
11432125,Audrea Byrd,Convallis a cras semper auctor neque vitae tempus. Purus in massa tempor nec feugiat nisl pretium fusce id. Nibh venenatis cras sed felis eget velit aliquet sagittis id. Ut sem viverra aliquet eget sit amet tellus. Aliquam eleifend mi in nulla posuere sollicitudin aliquam ultrices. Et magnis dis parturient montes. Fusce ut placerat orci nulla pellentesque dignissim enim sit. Iaculis nunc sed augue lacus viverra vitae. Enim eu turpis egestas pretium aenean pharetra magna.,11432126
11432127,Maegan Salgado,Vulputate enim nulla aliquet porttitor lacus luctus accumsan tortor. Ultrices neque ornare aenean euismod elementum nisi. In massa tempor nec feugiat nisl pretium fusce id velit. Nunc aliquet bibendum enim facilisis gravida. Diam quis enim lobortis scelerisque fermentum dui faucibus. Et ligula ullamcorper malesuada proin libero nunc consequat. Eleifend donec pretium vulputate sapien. Etiam dignissim diam quis enim lobortis scelerisque fermentum.,11432128
11432126,Shery Thresher,Eu turpis egestas pretium aenean pharetra magna ac. Risus nec feugiat in fermentum posuere urna. Bibendum enim facilisis gravida neque convallis. Libero justo laoreet sit amet cursus. Lacus vel facilisis volutpat est velit. Mattis pellentesque id nibh tortor id aliquet lectus proin. Non enim praesent elementum facilisis leo vel fringilla est ullamcorper. Pellentesque habitant morbi tristique senectus et. Purus sit amet luctus venenatis lectus magna. Convallis convallis tellus id interdum.,11432127
11432129,Roxane Weidler,Lorem ipsum dolor sit amet consectetur adipiscing elit sed do eiusmod tempor incididunt ut labore et dolore magna aliqua. Ut morbi tincidunt augue interdum. Ut tellus elementum sagittis vitae. Cursus mattis molestie a iaculis at erat pellentesque. Cursus eget nunc scelerisque viverra. Eu turpis egestas pretium aenean pharetra magna ac. Risus nec feugiat in fermentum posuere urna. Bibendum enim facilisis gravida neque convallis.,11432130
11432130,Laurette Amburgey,Vulputate enim nulla aliquet porttitor lacus luctus accumsan tortor. Ultrices neque ornare aenean euismod elementum nisi. In massa tempor nec feugiat nisl pretium fusce id velit. Nunc aliquet bibendum enim facilisis gravida. Diam quis enim lobortis scelerisque fermentum dui faucibus. Et ligula ullamcorper malesuada proin libero nunc consequat. Eleifend donec pretium vulputate sapien. Etiam dignissim diam quis enim lobortis scelerisque fermentum.,11432131
11432118,Katy Oliver,Lorem ipsum dolor sit amet consectetur adipiscing elit sed do eiusmod tempor incididunt ut labore et dolore magna aliqua. Ut morbi tincidunt augue interdum. Ut tellus elementum sagittis vitae. Cursus mattis molestie a iaculis at erat pellentesque. Cursus eget nunc scelerisque viverra. Eu turpis egestas pretium aenean pharetra magna ac. Risus nec feugiat in fermentum posuere urna. Bibendum enim facilisis gravida neque convallis.,11432119
11432124,Flossie Bleich,Convallis a cras semper auctor neque vitae tempus. Purus in massa tempor nec feugiat nisl pretium fusce id. Nibh venenatis cras sed felis eget velit aliquet sagittis id. Ut sem viverra aliquet eget sit amet tellus. Aliquam eleifend mi in nulla posuere sollicitudin aliquam ultrices. Et magnis dis parturient montes. Fusce ut placerat orci nulla pellentesque dignissim enim sit. Iaculis nunc sed augue lacus viverra vitae. Enim eu turpis egestas pretium aenean pharetra magna.,11432125
11432131,Yolanda Conerly,Vulputate enim nulla aliquet porttitor lacus luctus accumsan tortor. Ultrices neque ornare aenean euismod elementum nisi. In massa tempor nec feugiat nisl pretium fusce id velit. Nunc aliquet bibendum enim facilisis gravida. Diam quis enim lobortis scelerisque fermentum dui faucibus. Et ligula ullamcorper malesuada proin libero nunc consequat. Eleifend donec pretium vulputate sapien. Etiam dignissim diam quis enim lobortis scelerisque fermentum..,11432132
11432132,Genaro Prather,Eu turpis egestas pretium aenean pharetra magna ac. Risus nec feugiat in fermentum posuere urna. Bibendum enim facilisis gravida neque convallis. Libero justo laoreet sit amet cursus. Lacus vel facilisis volutpat est velit. Mattis pellentesque id nibh tortor id aliquet lectus proin. Non enim praesent elementum facilisis leo vel fringilla est ullamcorper. Pellentesque habitant morbi tristique senectus et. Purus sit amet luctus venenatis lectus magna. Convallis convallis tellus id interdum.,11432133
11432133,Chante Segui,Lorem ipsum dolor sit amet consectetur adipiscing elit sed do eiusmod tempor incididunt ut labore et dolore magna aliqua. Ut morbi tincidunt augue interdum. Ut tellus elementum sagittis vitae. Cursus mattis molestie a iaculis at erat pellentesque. Cursus eget nunc scelerisque viverra. Eu turpis egestas pretium aenean pharetra magna ac. Risus nec feugiat in fermentum posuere urna. Bibendum enim facilisis gravida neque convallis.,11432134
11432139,Mike Segarra,Lorem ipsum dolor sit amet consectetur adipiscing elit sed do eiusmod tempor incididunt ut labore et dolore magna aliqua. Ut morbi tincidunt augue interdum. Ut tellus elementum sagittis vitae. Cursus mattis molestie a iaculis at erat pellentesque. Cursus eget nunc scelerisque viverra. Eu turpis egestas pretium aenean pharetra magna ac. Risus nec feugiat in fermentum posuere urna. Bibendum enim facilisis gravida neque convallis.,11432140
11432122,Clement Nolley,Convallis a cras semper auctor neque vitae tempus. Purus in massa tempor nec feugiat nisl pretium fusce id. Nibh venenatis cras sed felis eget velit aliquet sagittis id. Ut sem viverra aliquet eget sit amet tellus. Aliquam eleifend mi in nulla posuere sollicitudin aliquam ultrices. Et magnis dis parturient montes. Fusce ut placerat orci nulla pellentesque dignissim enim sit. Iaculis nunc sed augue lacus viverra vitae. Enim eu turpis egestas pretium aenean pharetra magna.,11432123
11432134,Cristie Vestal,Eu turpis egestas pretium aenean pharetra magna ac. Risus nec feugiat in fermentum posuere urna. Bibendum enim facilisis gravida neque convallis. Libero justo laoreet sit amet cursus. Lacus vel facilisis volutpat est velit. Mattis pellentesque id nibh tortor id aliquet lectus proin. Non enim praesent elementum facilisis leo vel fringilla est ullamcorper. Pellentesque habitant morbi tristique senectus et. Purus sit amet luctus venenatis lectus magna. Convallis convallis tellus id interdum.,11432135
11432136,Meri Salmons,Convallis a cras semper auctor neque vitae tempus. Purus in massa tempor nec feugiat nisl pretium fusce id. Nibh venenatis cras sed felis eget velit aliquet sagittis id. Ut sem viverra aliquet eget sit amet tellus. Aliquam eleifend mi in nulla posuere sollicitudin aliquam ultrices. Et magnis dis parturient montes. Fusce ut placerat orci nulla pellentesque dignissim enim sit. Iaculis nunc sed augue lacus viverra vitae. Enim eu turpis egestas pretium aenean pharetra magna.,11432137
11432135,Izola Vanbuskirk,Eu turpis egestas pretium aenean pharetra magna ac. Risus nec feugiat in fermentum posuere urna. Bibendum enim facilisis gravida neque convallis. Libero justo laoreet sit amet cursus. Lacus vel facilisis volutpat est velit. Mattis pellentesque id nibh tortor id aliquet lectus proin. Non enim praesent elementum facilisis leo vel fringilla est ullamcorper. Pellentesque habitant morbi tristique senectus et. Purus sit amet luctus venenatis lectus magna. Convallis convallis tellus id interdum.,11432136
11432128,Ona Fail,Lorem ipsum dolor sit amet consectetur adipiscing elit sed do eiusmod tempor incididunt ut labore et dolore magna aliqua. Ut morbi tincidunt augue interdum. Ut tellus elementum sagittis vitae. Cursus mattis molestie a iaculis at erat pellentesque. Cursus eget nunc scelerisque viverra. Eu turpis egestas pretium aenean pharetra magna ac. Risus nec feugiat in fermentum posuere urna. Bibendum enim facilisis gravida neque convallis.,11432129
11432137,Gianna Couturier,Vulputate enim nulla aliquet porttitor lacus luctus accumsan tortor. Ultrices neque ornare aenean euismod elementum nisi. In massa tempor nec feugiat nisl pretium fusce id velit. Nunc aliquet bibendum enim facilisis gravida. Diam quis enim lobortis scelerisque fermentum dui faucibus. Et ligula ullamcorper malesuada proin libero nunc consequat. Eleifend donec pretium vulputate sapien. Etiam dignissim diam quis enim lobortis scelerisque fermentum.,11432138
11432138,Sanda Stinger,Eu turpis egestas pretium aenean pharetra magna ac. Risus nec feugiat in fermentum posuere urna. Bibendum enim facilisis gravida neque convallis. Libero justo laoreet sit amet cursus. Lacus vel facilisis volutpat est velit. Mattis pellentesque id nibh tortor id aliquet lectus proin. Non enim praesent elementum facilisis leo vel fringilla est ullamcorper. Pellentesque habitant morbi tristique senectus et. Purus sit amet luctus venenatis lectus magna. Convallis convallis tellus id interdum.,11432139
11432141,Marilee Gove,Lorem ipsum dolor sit amet consectetur adipiscing elit sed do eiusmod tempor incididunt ut labore et dolore magna aliqua. Ut morbi tincidunt augue interdum. Ut tellus elementum sagittis vitae. Cursus mattis molestie a iaculis at erat pellentesque. Cursus eget nunc scelerisque viverra. Eu turpis egestas pretium aenean pharetra magna ac. Risus nec feugiat in fermentum posuere urna. Bibendum enim facilisis gravida neque convallis.,11432142
11432140,Maisha Oda,Quis commodo odio aenean sed adipiscing diam donec adipiscing. Scelerisque purus semper eget duis at tellus at. Cras pulvinar mattis nunc sed blandit libero volutpat sed. Dictumst vestibulum rhoncus est pellentesque elit ullamcorper dignissim cras tincidunt. Sapien pellentesque habitant morbi tristique senectus et. Mauris in aliquam sem fringilla. Amet mauris commodo quis imperdiet massa tincidunt. Accumsan sit amet nulla facilisi morbi tempus. Pellentesque habitant morbi tristique senectus et.,11432141
11432143,Linnie Wein,Convallis a cras semper auctor neque vitae tempus. Purus in massa tempor nec feugiat nisl pretium fusce id. Nibh venenatis cras sed felis eget velit aliquet sagittis id. Ut sem viverra aliquet eget sit amet tellus. Aliquam eleifend mi in nulla posuere sollicitudin aliquam ultrices. Et magnis dis parturient montes. Fusce ut placerat orci nulla pellentesque dignissim enim sit. Iaculis nunc sed augue lacus viverra vitae. Enim eu turpis egestas pretium aenean pharetra magna.,11432144
11432142,Reggie Tison,Eu turpis egestas pretium aenean pharetra magna ac. Risus nec feugiat in fermentum posuere urna. Bibendum enim facilisis gravida neque convallis. Libero justo laoreet sit amet cursus. Lacus vel facilisis volutpat est velit. Mattis pellentesque id nibh tortor id aliquet lectus proin. Non enim praesent elementum facilisis leo vel fringilla est ullamcorper. Pellentesque habitant morbi tristique senectus et. Purus sit amet luctus venenatis lectus magna. Convallis convallis tellus id interdum.,11432143
11432145,Rikki Kroeker,Quis commodo odio aenean sed adipiscing diam donec adipiscing. Scelerisque purus semper eget duis at tellus at. Cras pulvinar mattis nunc sed blandit libero volutpat sed. Dictumst vestibulum rhoncus est pellentesque elit ullamcorper dignissim cras tincidunt. Sapien pellentesque habitant morbi tristique senectus et. Mauris in aliquam sem fringilla. Amet mauris commodo quis imperdiet massa tincidunt. Accumsan sit amet nulla facilisi morbi tempus. Pellentesque habitant morbi tristique senectus et.,11432146
11432144,Glenda Shi,Vulputate enim nulla aliquet porttitor lacus luctus accumsan tortor. Ultrices neque ornare aenean euismod elementum nisi. In massa tempor nec feugiat nisl pretium fusce id velit. Nunc aliquet bibendum enim facilisis gravida. Diam quis enim lobortis scelerisque fermentum dui faucibus. Et ligula ullamcorper malesuada proin libero nunc consequat. Eleifend donec pretium vulputate sapien. Etiam dignissim diam quis enim lobortis scelerisque fermentum.,11432145
11432147,Mirna Crawley,Eu turpis egestas pretium aenean pharetra magna ac. Risus nec feugiat in fermentum posuere urna. Bibendum enim facilisis gravida neque convallis. Libero justo laoreet sit amet cursus. Lacus vel facilisis volutpat est velit. Mattis pellentesque id nibh tortor id aliquet lectus proin. Non enim praesent elementum facilisis leo vel fringilla est ullamcorper. Pellentesque habitant morbi tristique senectus et. Purus sit amet luctus venenatis lectus magna. Convallis convallis tellus id interdum.,11432148
11432146,Trudy Devinney,Convallis a cras semper auctor neque vitae tempus. Purus in massa tempor nec feugiat nisl pretium fusce id. Nibh venenatis cras sed felis eget velit aliquet sagittis id. Ut sem viverra aliquet eget sit amet tellus. Aliquam eleifend mi in nulla posuere sollicitudin aliquam ultrices. Et magnis dis parturient montes. Fusce ut placerat orci nulla pellentesque dignissim enim sit. Iaculis nunc sed augue lacus viverra vitae. Enim eu turpis egestas pretium aenean pharetra magna.,11432147
11432151,Karren Forsythe,Lorem ipsum dolor sit amet consectetur adipiscing elit sed do eiusmod tempor incididunt ut labore et dolore magna aliqua. Ut morbi tincidunt augue interdum. Ut tellus elementum sagittis vitae. Cursus mattis molestie a iaculis at erat pellentesque. Cursus eget nunc scelerisque viverra. Eu turpis egestas pretium aenean pharetra magna ac. Risus nec feugiat in fermentum posuere urna. Bibendum enim facilisis gravida neque convallis.,11432152
11432149,Theresa Matheson,Quis commodo odio aenean sed adipiscing diam donec adipiscing. Scelerisque purus semper eget duis at tellus at. Cras pulvinar mattis nunc sed blandit libero volutpat sed. Dictumst vestibulum rhoncus est pellentesque elit ullamcorper dignissim cras tincidunt. Sapien pellentesque habitant morbi tristique senectus et. Mauris in aliquam sem fringilla. Amet mauris commodo quis imperdiet massa tincidunt. Accumsan sit amet nulla facilisi morbi tempus. Pellentesque habitant morbi tristique senectus et.,11432150
11432148,Isiah Radtke,Eu turpis egestas pretium aenean pharetra magna ac. Risus nec feugiat in fermentum posuere urna. Bibendum enim facilisis gravida neque convallis. Libero justo laoreet sit amet cursus. Lacus vel facilisis volutpat est velit. Mattis pellentesque id nibh tortor id aliquet lectus proin. Non enim praesent elementum facilisis leo vel fringilla est ullamcorper. Pellentesque habitant morbi tristique senectus et. Purus sit amet luctus venenatis lectus magna. Convallis convallis tellus id interdum.,11432149
11432150,Jennie Strange,Eu turpis egestas pretium aenean pharetra magna ac. Risus nec feugiat in fermentum posuere urna. Bibendum enim facilisis gravida neque convallis. Libero justo laoreet sit amet cursus. Lacus vel facilisis volutpat est velit. Mattis pellentesque id nibh tortor id aliquet lectus proin. Non enim praesent elementum facilisis leo vel fringilla est ullamcorper. Pellentesque habitant morbi tristique senectus et. Purus sit amet luctus venenatis lectus magna. Convallis convallis tellus id interdum.,11432151
11432155,Wanita Swindle,Convallis a cras semper auctor neque vitae tempus. Purus in massa tempor nec feugiat nisl pretium fusce id. Nibh venenatis cras sed felis eget velit aliquet sagittis id. Ut sem viverra aliquet eget sit amet tellus. Aliquam eleifend mi in nulla posuere sollicitudin aliquam ultrices. Et magnis dis parturient montes. Fusce ut placerat orci nulla pellentesque dignissim enim sit. Iaculis nunc sed augue lacus viverra vitae. Enim eu turpis egestas pretium aenean pharetra magna.,11432156
11432152,Darwin Blick,Vulputate enim nulla aliquet porttitor lacus luctus accumsan tortor. Ultrices neque ornare aenean euismod elementum nisi. In massa tempor nec feugiat nisl pretium fusce id velit. Nunc aliquet bibendum enim facilisis gravida. Diam quis enim lobortis scelerisque fermentum dui faucibus. Et ligula ullamcorper malesuada proin libero nunc consequat. Eleifend donec pretium vulputate sapien. Etiam dignissim diam quis enim lobortis scelerisque fermentum.,11432153
11432153,Linn Arcuri,Lorem ipsum dolor sit amet consectetur adipiscing elit sed do eiusmod tempor incididunt ut labore et dolore magna aliqua. Ut morbi tincidunt augue interdum. Ut tellus elementum sagittis vitae. Cursus mattis molestie a iaculis at erat pellentesque. Cursus eget nunc scelerisque viverra. Eu turpis egestas pretium aenean pharetra magna ac. Risus nec feugiat in fermentum posuere urna. Bibendum enim facilisis gravida neque convallis.,11432154
11432154,Malisa Kolb,Lorem ipsum dolor sit amet consectetur adipiscing elit sed do eiusmod tempor incididunt ut labore et dolore magna aliqua. Ut enim ad minim veniam quis nostrud exercitation ullamco laboris nisi ut aliquip ex ea commodo consequat. Duis aute irure dolor in reprehenderit in voluptate velit esse cillum dolore eu fugiat nulla pariatur. Excepteur sint occaecat cupidatat non proident sunt in culpa qui officia deserunt mollit anim id est laborum.,11432155
11432161,Gail Sassano,Quis commodo odio aenean sed adipiscing diam donec adipiscing. Scelerisque purus semper eget duis at tellus at. Cras pulvinar mattis nunc sed blandit libero volutpat sed. Dictumst vestibulum rhoncus est pellentesque elit ullamcorper dignissim cras tincidunt. Sapien pellentesque habitant morbi tristique senectus et. Mauris in aliquam sem fringilla. Amet mauris commodo quis imperdiet massa tincidunt. Accumsan sit amet nulla facilisi morbi tempus. Pellentesque habitant morbi tristique senectus et.,11432162
11432157,Moshe Delosantos,Eu turpis egestas pretium aenean pharetra magna ac. Risus nec feugiat in fermentum posuere urna. Bibendum enim facilisis gravida neque convallis. Libero justo laoreet sit amet cursus. Lacus vel facilisis volutpat est velit. Mattis pellentesque id nibh tortor id aliquet lectus proin. Non enim praesent elementum facilisis leo vel fringilla est ullamcorper. Pellentesque habitant morbi tristique senectus et. Purus sit amet luctus venenatis lectus magna. Convallis convallis tellus id interdum.,11432158
11432158,Hunter Paterson,Vulputate enim nulla aliquet porttitor lacus luctus accumsan tortor. Ultrices neque ornare aenean euismod elementum nisi. In massa tempor nec feugiat nisl pretium fusce id velit. Nunc aliquet bibendum enim facilisis gravida. Diam quis enim lobortis scelerisque fermentum dui faucibus. Et ligula ullamcorper malesuada proin libero nunc consequat. Eleifend donec pretium vulputate sapien. Etiam dignissim diam quis enim lobortis scelerisque fermentum.,11432159
11432156,Filomena Mcquade,Quis commodo odio aenean sed adipiscing diam donec adipiscing. Scelerisque purus semper eget duis at tellus at. Cras pulvinar mattis nunc sed blandit libero volutpat sed. Dictumst vestibulum rhoncus est pellentesque elit ullamcorper dignissim cras tincidunt. Sapien pellentesque habitant morbi tristique senectus et. Mauris in aliquam sem fringilla. Amet mauris commodo quis imperdiet massa tincidunt. Accumsan sit amet nulla facilisi morbi tempus. Pellentesque habitant morbi tristique senectus et.,11432157
11432160,Annice Denault,Eu turpis egestas pretium aenean pharetra magna ac. Risus nec feugiat in fermentum posuere urna. Bibendum enim facilisis gravida neque convallis. Libero justo laoreet sit amet cursus. Lacus vel facilisis volutpat est velit. Mattis pellentesque id nibh tortor id aliquet lectus proin. Non enim praesent elementum facilisis leo vel fringilla est ullamcorper. Pellentesque habitant morbi tristique senectus et. Purus sit amet luctus venenatis lectus magna. Convallis convallis tellus id interdum.,11432161
11432159,Lynn Schippers,Lorem ipsum dolor sit amet consectetur adipiscing elit sed do eiusmod tempor incididunt ut labore et dolore magna aliqua. Ut morbi tincidunt augue interdum. Ut tellus elementum sagittis vitae. Cursus mattis molestie a iaculis at erat pellentesque. Cursus eget nunc scelerisque viverra. Eu turpis egestas pretium aenean pharetra magna ac. Risus nec feugiat in fermentum posuere urna. Bibendum enim facilisis gravida neque convallis.,11432160
